{
    "env": {
        "PATH": "$(PATH);$(ProgramFiles(x86))\\Steam"
    },
    "apps": [
        {
            "name": "Steam Big Picture",
            "detached": [
                "steam steam:\/\/open\/bigpicture"
            ],
            "image-path": "steam.png"
        }
//        {
//            "name": "The Legend of Zelda",
//            "output": "",
//            "cmd": "C:\\Games\\The Legend of Zelda-Totk\\Zelda.bat",
//            "exclude-global-prep-cmd": "false",
//            "elevated": "false",
//            "image-path": "C:\\Program Files\\Sunshine\\config\/covers\/igdb_119388.png",
//            "working-dir": "C:\\Games\\The Legend of Zelda-Totk"
//        },
//        {
//            "name": "PAW",
//            "output": "",
//            "cmd": "E:\\Games\\PAW Patrol - Grand Prix\\PAW.exe",
//            "exclude-global-prep-cmd": "false",
//            "elevated": "false",
//            "image-path": "C:\\Program Files\\Sunshine\\config\/covers\/igdb_202417.png",
//            "working-dir": "E:\\Games\\PAW Patrol - Grand Prix"
//        }
    ]
}
